{
  "code": 0
  ,"msg": ""
  ,"count": 30
  ,"data": [{
    "picture": "10001"
    ,"goodsname": "杜甫"
    ,"color": "xianxin@layui.com"
    ,"count": "男"
    ,"paystate": "0"
    ,"price": "浙江杭州"
    ,"right": "点击此处，显示更多。当内容超出时，点击单元格会自动显示更多内容。"
  },
  {
    "picture": "10001"
  ,"goodsname": "杜甫"
  ,"color": "xianxin@layui.com"
  ,"count": "男"
  ,"paystate": "0"
  ,"price": "浙江杭州"
  ,"right": "点击此处，显示更多。当内容超出时，点击单元格会自动显示更多内容。"
  }
]
}  